sep=,
0,0.648438
1,0.679688
2,0.726562
3,0.757812
4,0.796875
5,0.84375
6,0.90625
7,0.9375
8,0.953125
9,0.96875
10,0.96875
11,0.984375
12,1
