sep=,
0,0.765625
1,0.828125
2,0.9375
3,1
