sep=,
0,0.84375
1,0.84375
2,0.90625
3,0.921875
4,0.96875
5,1
