sep=,
0,0.8125
1,0.84375
2,0.921875
3,0.9375
4,0.9375
5,0.9375
6,0.9375
7,0.9375
8,0.9375
9,0.9375
10,0.9375
11,0.9375
12,0.9375
13,0.9375
14,0.9375
15,0.9375
16,0.9375
17,0.9375
18,0.96875
19,0.96875
20,1
