sep=,
0,0.75
1,0.78125
2,0.875
3,0.875
4,0.9375
5,0.9375
6,0.96875
7,0.96875
8,1
